Roommates mix,Number of socks chosen,Sock drawer size,Roommates,Budget,Time in years,Team 7 embarrassment per day,Average embarrassment per day,Seed,Team 7 player,Money spent,Sockless days,Money ran out on day,Seconds
Team 7 only,4,20,1,150,1,0.03888888888888889,0.03888888888888889,4444,7,150.0,0,,0.02
Team 7 only,4,16,1,150,1,0.022222222222222223,0.022222222222222223,4444,7,150.0,0,,0.03
Team 7 only,4,16,1,0,1,0.07777777777777778,0.07777777777777778,4444,7,0.0,0,,0.1
Team 7 only,4,20,1,300,1,0.0,0.0,4444,7,300.0,0,,0.03
Team 7 only,4,16,1,300,1,0.0,0.0,4444,7,300.0,0,,0.03
Team 7 only,4,16,1,300,2,0.011111111111111112,0.011111111111111112,4444,7,300.0,0,712,0.07
Team 7 only,4,16,1,0,2,18389.097222222223,18389.097222222223,4444,7,0.0,202,509,0.16
Team 7 only,4,20,1,500,1,0.0,0.0,4444,7,500.0,0,,0.03
Team 7 only,4,16,1,500,1,0.0,0.0,4444,7,500.0,0,,0.03
Team 7 only,4,16,1,150,2,0.05138888888888889,0.05138888888888889,4444,7,130.0,0,,0.12
Team 7 only,4,20,1,1000,1,0.0,0.0,4444,7,520.0,0,,0.03
Team 7 only,4,20,1,1500,1,0.0,0.0,4444,7,520.0,0,,0.03
Team 7 only,4,16,1,1000,1,0.0,0.0,4444,7,520.0,0,,0.05
Team 7 only,4,20,1,300,2,0.09305555555555556,0.09305555555555556,4444,7,300.0,0,,0.07
Team 7 only,4,20,1,150,2,0.22916666666666666,0.22916666666666666,4444,7,130.0,0,,0.12
Team 7 only,4,20,1,none,1,0.0,0.0,4444,7,520.0,0,,0.02
Team 7 only,4,16,1,500,2,0.0,0.0,4444,7,500.0,0,,0.06
Team 7 only,4,20,1,1000,2,0.0,0.0,4444,7,1000.0,0,,0.05
Team 7 only,4,20,1,500,2,0.0,0.0,4444,7,500.0,0,,0.06
Team 7 only,4,16,1,1000,2,0.0,0.0,4444,7,1000.0,0,,0.05
Team 7 only,4,28,1,150,1,0.0,0.0,4444,7,150.0,0,,0.03
Team 7 only,4,16,1,1500,1,0.0,0.0,4444,7,520.0,0,,0.03
Team 7 only,4,16,1,none,1,0.0,0.0,4444,7,520.0,0,,0.02
Team 7 only,4,20,1,1500,2,0.0,0.0,4444,7,1050.0,0,,0.06
Team 7 only,4,28,1,300,1,0.0,0.0,4444,7,300.0,0,,0.03
Team 7 only,4,20,1,none,2,0.0,0.0,4444,7,1050.0,0,,0.05
Team 7 only,4,28,1,500,1,0.0,0.0,4444,7,500.0,0,,0.03
Team 7 only,4,16,1,1500,2,0.0,0.0,4444,7,1050.0,0,,0.07
Team 7 only,4,16,1,none,2,0.0,0.0,4444,7,1050.0,0,,0.05
Team 7 only,4,28,1,300,2,0.05138888888888889,0.05138888888888889,4444,7,300.0,0,,0.06
Team 7 only,4,28,1,1000,1,0.0,0.0,4444,7,510.0,0,,0.03
Team 7 only,4,28,1,none,1,0.0,0.0,4444,7,510.0,0,,0.02
Team 7 only,4,28,1,1500,1,0.0,0.0,4444,7,510.0,0,,0.03
Team 7 only,4,28,1,0,1,0.0,0.0,4444,7,0.0,0,,0.08
Team 7 only,4,28,1,500,2,0.0,0.0,4444,7,500.0,0,,0.05
Team 7 only,4,52,1,150,1,0.03888888888888889,0.03888888888888889,4444,7,150.0,0,,0.02
Team 7 only,4,20,1,0,1,0.15,0.15,4444,7,0.0,0,,0.08
Team 7 only,4,52,1,300,1,0.0,0.0,4444,7,300.0,0,,0.03
Team 7 only,4,28,1,none,2,0.0,0.0,4444,7,1050.0,0,,0.05
Team 7 only,4,28,1,1500,2,0.0,0.0,4444,7,1050.0,0,,0.05
Team 7 only,4,28,1,1000,2,0.0,0.0,4444,7,1000.0,0,,0.05
Team 7 only,4,52,1,500,1,0.0,0.0,4444,7,490.0,0,,0.03
Team 7 only,4,52,1,1000,1,0.0,0.0,4444,7,490.0,0,,0.03
Team 7 only,4,28,1,150,2,0.10138888888888889,0.10138888888888889,4444,7,120.0,0,,0.11
Team 7 only,4,52,1,300,2,0.04861111111111111,0.04861111111111111,4444,7,300.0,0,,0.05
Team 7 only,4,52,1,none,1,0.0,0.0,4444,7,490.0,0,,0.03
Team 7 only,4,52,1,1500,1,0.0,0.0,4444,7,490.0,0,,0.03
Team 7 only,4,52,1,500,2,0.0,0.0,4444,7,500.0,0,,0.05
Team 7 only,4,52,1,0,1,0.0,0.0,4444,7,0.0,0,,0.08
Team 7 only,5,16,1,150,1,0.0,0.0,4444,7,150.0,0,,0.03
Team 7 only,4,52,1,1000,2,0.0,0.0,4444,7,1000.0,0,,0.05
Team 7 only,5,16,1,300,1,0.0,0.0,4444,7,300.0,0,,0.03
Team 7 only,4,52,1,1500,2,0.0,0.0,4444,7,1020.0,0,,0.05
Team 7 only,4,52,1,none,2,0.0,0.0,4444,7,1020.0,0,,0.05
Team 7 only,5,16,1,500,1,0.0,0.0,4444,7,500.0,0,,0.03
Team 7 only,5,16,1,1000,1,0.0,0.0,4444,7,570.0,0,,0.03
Team 7 only,4,28,1,0,2,0.4388888888888889,0.4388888888888889,4444,7,0.0,0,,0.16
Team 7 only,4,52,1,150,2,0.03611111111111111,0.03611111111111111,4444,7,90.0,0,,0.1
Team 7 only,5,16,1,1500,1,0.0,0.0,4444,7,570.0,0,,0.03
Team 7 only,5,16,1,300,2,0.0,0.0,4444,7,300.0,0,710,0.05
Team 7 only,5,16,1,none,1,0.0,0.0,4444,7,570.0,0,,0.03
Team 7 only,5,16,1,500,2,0.0,0.0,4444,7,500.0,0,,0.06
Team 7 only,4,20,1,0,2,4555.459722222222,4555.459722222222,4444,7,0.0,50,637,0.15
Team 7 only,5,20,1,150,1,0.0,0.0,4444,7,150.0,0,,0.03
Team 7 only,5,16,1,0,1,0.0,0.0,4444,7,0.0,0,,0.1
Team 7 only,5,20,1,300,1,0.0,0.0,4444,7,300.0,0,,0.03
Team 7 only,5,16,1,1000,2,0.0,0.0,4444,7,1000.0,0,,0.06
Team 7 only,5,16,1,1500,2,0.0,0.0,4444,7,1150.0,0,,0.06
Team 7 only,5,20,1,500,1,0.0,0.0,4444,7,500.0,0,,0.03
Team 7 only,5,16,1,none,2,0.0,0.0,4444,7,1150.0,0,,0.06
Team 7 only,4,52,1,0,2,0.0,0.0,4444,7,0.0,0,,0.16
Team 7 only,5,20,1,1000,1,0.0,0.0,4444,7,570.0,0,,0.03
Team 7 only,5,20,1,1500,1,0.0,0.0,4444,7,570.0,0,,0.03
Team 7 only,5,20,1,300,2,0.0,0.0,4444,7,300.0,0,,0.06
Team 7 only,5,20,1,none,1,0.0,0.0,4444,7,570.0,0,,0.03
Team 7 only,5,28,1,150,1,0.0,0.0,4444,7,150.0,0,350,0.03
Team 7 only,5,20,1,500,2,0.0,0.0,4444,7,500.0,0,,0.06
Team 7 only,5,16,1,150,2,0.0,0.0,4444,7,140.0,0,,0.14
Team 7 only,5,20,1,0,1,0.0,0.0,4444,7,0.0,0,,0.1
Team 7 only,5,20,1,1000,2,0.0,0.0,4444,7,1000.0,0,,0.06
Team 7 only,5,20,1,none,2,0.0,0.0,4444,7,1150.0,0,,0.05
Team 7 only,5,16,1,0,2,16020.265277777778,16020.265277777778,4444,7,0.0,176,538,0.15
Team 7 only,5,20,1,1500,2,0.0,0.0,4444,7,1150.0,0,,0.06
Team 7 only,5,28,1,300,1,0.0,0.0,4444,7,300.0,0,,0.03
Team 7 only,5,28,1,500,1,0.0,0.0,4444,7,500.0,0,,0.03
Team 7 only,5,28,1,1000,1,0.0,0.0,4444,7,550.0,0,,0.03
Team 7 only,5,28,1,1500,1,0.0,0.0,4444,7,550.0,0,,0.03
Team 7 only,5,28,1,none,1,0.0,0.0,4444,7,550.0,0,,0.03
Team 7 only,5,28,1,300,2,0.0,0.0,4444,7,300.0,0,,0.06
Team 7 only,5,52,1,150,1,0.0,0.0,4444,7,150.0,0,,0.03
Team 7 only,5,28,1,500,2,0.0,0.0,4444,7,500.0,0,,0.06
Team 7 only,5,28,1,0,1,0.0,0.0,4444,7,0.0,0,,0.1
Team 7 only,5,20,1,150,2,0.0,0.0,4444,7,130.0,0,,0.14
Team 7 only,5,52,1,300,1,0.0,0.0,4444,7,300.0,0,,0.03
Team 7 only,5,28,1,none,2,0.0,0.0,4444,7,1140.0,0,,0.06
Team 7 only,5,28,1,1500,2,0.0,0.0,4444,7,1140.0,0,,0.06
Team 7 only,5,52,1,500,1,0.0,0.0,4444,7,500.0,0,,0.03
Team 7 only,5,28,1,1000,2,0.0,0.0,4444,7,1000.0,0,,0.07
Team 7 only,5,28,1,150,2,0.0,0.0,4444,7,120.0,0,,0.12
Team 7 only,5,52,1,1000,1,0.0,0.0,4444,7,540.0,0,,0.04
Team 7 only,5,52,1,300,2,0.0,0.0,4444,7,300.0,0,,0.05
Team 7 only,5,52,1,1500,1,0.0,0.0,4444,7,540.0,0,,0.03
Team 7 only,5,52,1,500,2,0.0,0.0,4444,7,500.0,0,,0.05
Team 7 only,5,52,1,none,1,0.0,0.0,4444,7,540.0,0,,0.03
Team 7 only,5,52,1,0,1,0.0,0.0,4444,7,0.0,0,,0.1
Team 7 only,5,20,1,0,2,3734.3569444444443,3734.3569444444443,4444,7,0.0,41,645,0.2
Team 7 only,5,52,1,1500,2,0.0,0.0,4444,7,1130.0,0,,0.06
Team 7 only,5,52,1,1000,2,0.0,0.0,4444,7,1000.0,0,,0.07
Team 7 only,5,52,1,none,2,0.0,0.0,4444,7,1130.0,0,,0.07
Team 7 only,5,52,1,150,2,0.0,0.0,4444,7,80.0,0,,0.12
Team 7 + Team 1,4,20,2,300,1,0.05277777777777778,0.04583333333333334,4444,7,300.0,0,,0.06
Team 7 + Team 1,4,20,2,500,1,0.0,0.0,4444,7,500.0,0,,0.06
Team 7 + Team 1,4,20,2,1000,1,0.0,0.0,4444,7,820.0,0,,0.06
Team 7 only,5,28,1,0,2,0.0,0.0,4444,7,0.0,0,,0.21
Team 7 + Team 1,4,20,2,1500,1,0.0,0.0,4444,7,820.0,0,,0.06
Team 7 + Team 1,4,20,2,150,1,0.18055555555555555,0.1388888888888889,4444,7,150.0,0,,0.09
Team 7 + Team 1,4,20,2,0,1,3823.2916666666665,3823.2875,4444,7,0.0,42,330,0.11
Team 7 + Team 1,4,20,2,500,2,0.11944444444444445,0.12569444444444444,4444,7,500.0,0,,0.1
Team 7 + Team 1,4,20,2,none,1,0.0,0.0,4444,7,810.0,0,,0.07
Team 7 + Team 1,4,20,2,1000,2,0.0,0.0,4444,7,1000.0,0,,0.11
Team 7 + Team 1,4,20,2,0,2,34679.645833333336,34679.64375,4444,7,0.0,762,330,0.15
Team 7 + Team 1,4,28,2,300,1,0.03888888888888889,0.08194444444444444,4444,7,300.0,0,,0.05
Team 7 + Team 1,4,20,2,1500,2,0.009722222222222222,0.004861111111111111,4444,7,1500.0,0,,0.11
Team 7 only,5,52,1,0,2,0.0,0.0,4444,7,0.0,0,,0.22
Team 7 + Team 1,4,28,2,500,1,0.019444444444444445,0.019444444444444445,4444,7,500.0,0,,0.05
Team 7 + Team 1,4,20,2,none,2,0.0,0.0,4444,7,1670.0,0,,0.1
Team 7 + Team 1,4,28,2,150,1,0.11388888888888889,0.21388888888888888,4444,7,140.0,0,,0.09
Team 7 + Team 1,4,28,2,0,1,0.16666666666666666,1.1388888888888888,4444,7,0.0,0,,0.12
Team 7 + Team 1,4,20,2,300,2,0.1638888888888889,0.13055555555555556,4444,7,290.0,0,,0.18
Team 7 + Team 1,4,28,2,1000,1,0.0,0.0,4444,7,800.0,0,,0.07
Team 7 + Team 1,4,28,2,none,1,0.0,0.0,4444,7,800.0,0,,0.06
Team 7 + Team 1,4,28,2,1500,1,0.0,0.0,4444,7,800.0,0,,0.08
Team 7 + Team 1,4,28,2,500,2,0.11527777777777778,0.1527777777777778,4444,7,500.0,0,,0.11
Team 7 + Team 1,4,28,2,1000,2,0.0,0.010416666666666666,4444,7,1000.0,0,,0.1
Team 7 + Team 1,4,20,2,150,2,0.17083333333333334,0.16527777777777777,4444,7,150.0,0,,0.24
Team 7 + Team 1,4,44,2,300,1,0.125,0.09722222222222222,4444,7,300.0,0,,0.06
Team 7 + Team 1,4,28,2,0,2,21302.915277777778,21848.511805555558,4444,7,0.0,480,418,0.19
Team 7 + Team 1,4,44,2,150,1,0.05555555555555555,0.3388888888888889,4444,7,130.0,0,,0.09
Team 7 + Team 1,4,44,2,0,1,0.03333333333333333,0.3055555555555555,4444,7,0.0,0,,0.11
Team 7 + Team 1,4,44,2,500,1,0.0,0.0,4444,7,490.0,0,,0.06
Team 7 + Team 1,4,28,2,1500,2,0.0,0.0,4444,7,1500.0,0,,0.12
Team 7 + Team 1,4,28,2,150,2,0.49027777777777776,1.0145833333333334,4444,7,150.0,0,,0.19
Team 7 + Team 1,4,28,2,300,2,0.07916666666666666,0.3243055555555555,4444,7,300.0,0,,0.19
Team 7 + Team 1,4,44,2,1000,1,0.0,0.0,4444,7,780.0,0,,0.06
Team 7 + Team 1,4,28,2,none,2,0.0,0.0,4444,7,1620.0,0,,0.15
Team 7 + Team 1,4,44,2,none,1,0.0,0.0,4444,7,780.0,0,,0.06
Team 7 + Team 1,4,92,2,300,1,0.0,0.0,4444,7,300.0,0,,0.05
Team 7 + Team 1,4,44,2,1000,2,0.0,0.0,4444,7,1000.0,0,719,0.11
Team 7 + Team 1,4,92,2,150,1,0.022222222222222223,0.07083333333333333,4444,7,140.0,0,,0.08
Team 7 + Team 1,4,44,2,1500,1,0.0,0.0,4444,7,780.0,0,,0.11
Team 7 + Team 1,4,44,2,1500,2,0.0,0.0,4444,7,1500.0,0,,0.11
Team 7 + Team 1,4,44,2,150,2,0.0625,0.6118055555555556,4444,7,140.0,0,,0.18
Team 7 + Team 1,4,44,2,none,2,0.0,0.0,4444,7,1610.0,0,,0.12
Team 7 + Team 1,4,92,2,0,1,0.022222222222222223,0.06388888888888888,4444,7,0.0,0,,0.12
Team 7 + Team 1,4,92,2,1000,1,0.0,0.0,4444,7,780.0,0,,0.05
Team 7 + Team 1,4,44,2,500,2,0.14166666666666666,0.15416666666666667,4444,7,500.0,0,,0.18
Team 7 + Team 1,4,44,2,0,2,1.7069444444444444,1.9020833333333333,4444,7,0.0,0,688,0.24
Team 7 + Team 1,4,92,2,500,1,0.0,0.0,4444,7,500.0,0,,0.1
Team 7 + Team 1,4,92,2,1500,1,0.0,0.0,4444,7,780.0,0,,0.06
Team 7 + Team 1,4,92,2,500,2,0.16666666666666666,0.1472222222222222,4444,7,500.0,0,,0.1
Team 7 + Team 1,4,92,2,none,1,0.0,0.0,4444,7,760.0,0,,0.06
Team 7 + Team 1,4,44,2,300,2,0.07222222222222222,0.35833333333333334,4444,7,260.0,0,,0.25
Team 7 + Team 1,4,92,2,150,2,0.09166666666666666,0.30972222222222223,4444,7,140.0,0,,0.17
Team 7 + Team 1,4,92,2,300,2,0.2013888888888889,0.21736111111111112,4444,7,180.0,0,,0.16
Team 7 + Team 1,5,28,2,300,1,0.0,0.0,4444,7,300.0,0,,0.05
Team 7 + Team 1,4,92,2,1000,2,0.0,0.0,4444,7,1000.0,0,,0.12
Team 7 + Team 1,5,28,2,500,1,0.0,0.0,4444,7,500.0,0,,0.06
Team 7 + Team 1,5,28,2,1000,1,0.0,0.0,4444,7,1000.0,0,,0.06
Team 7 + Team 1,4,92,2,none,2,0.0,0.0,4444,7,1600.0,0,,0.11
Team 7 + Team 1,5,28,2,150,1,0.0,0.0,4444,7,150.0,0,,0.1
Team 7 + Team 1,4,92,2,0,2,0.011111111111111112,0.2152777777777778,4444,7,0.0,0,,0.23
Team 7 + Team 1,5,28,2,1500,1,0.0,0.0,4444,7,1030.0,0,,0.06
Team 7 + Team 1,5,28,2,none,1,0.0,0.0,4444,7,1030.0,0,,0.06
Team 7 + Team 1,5,28,2,0,1,0.0,0.0,4444,7,0.0,0,,0.15
Team 7 + Team 1,5,28,2,500,2,0.0,0.0,4444,7,500.0,0,,0.12
Team 7 + Team 1,5,44,2,300,1,0.0,0.0,4444,7,300.0,0,,0.06
Team 7 + Team 1,4,92,2,1500,2,0.0,0.0,4444,7,1500.0,0,,0.21
Team 7 + Team 1,5,44,2,500,1,0.0,0.0,4444,7,500.0,0,,0.06
Team 7 + Team 1,5,28,2,1500,2,0.0,0.0,4444,7,1500.0,0,,0.13
Team 7 + Team 1,5,28,2,0,2,21481.515277777777,21481.42361111111,4444,7,0.0,472,462,0.2
Team 7 + Team 1,5,44,2,150,1,0.0,0.0,4444,7,130.0,0,,0.1
Team 7 + Team 1,5,28,2,none,2,0.0,0.0,4444,7,2100.0,0,,0.13
Team 7 + Team 1,5,44,2,0,1,0.0,0.0,4444,7,0.0,0,,0.14
Team 7 + Team 1,5,44,2,1000,1,0.0,0.0,4444,7,1000.0,0,,0.08
Team 7 + Team 1,5,44,2,500,2,0.0,0.0,4444,7,500.0,0,,0.11
Team 7 + Team 1,5,44,2,none,1,0.0,0.0,4444,7,1020.0,0,,0.06
Team 7 + Team 1,5,28,2,1000,2,0.0,0.0,4444,7,1000.0,0,,0.22
Team 7 + Team 1,5,44,2,1000,2,0.0,0.0,4444,7,1000.0,0,,0.13
Team 7 + Team 1,5,44,2,1500,2,0.0,0.0,4444,7,1500.0,0,,0.13
Team 7 + Team 1,5,44,2,1500,1,0.0,0.0,4444,7,1010.0,0,,0.13
Team 7 + Team 1,5,92,2,300,1,0.0,0.0,4444,7,300.0,0,358,0.06
Team 7 + Team 1,5,92,2,150,1,0.0,0.0,4444,7,140.0,0,,0.09
Team 7 + Team 1,5,44,2,none,2,0.0,0.0,4444,7,2070.0,0,,0.12
Team 7 + Team 1,5,44,2,300,2,0.0,0.0,4444,7,270.0,0,,0.2
Team 7 + Team 1,5,44,2,150,2,0.0,0.0,4444,7,140.0,0,,0.22
Team 7 + Team 1,5,92,2,0,1,0.0,0.0,4444,7,0.0,0,,0.13
Team 7 + Team 1,5,92,2,1000,1,0.0,0.0,4444,7,980.0,0,,0.06
Team 7 + Team 1,5,92,2,1500,1,0.0,0.0,4444,7,980.0,0,,0.06
Team 7 + Team 1,5,92,2,500,1,0.0,0.0,4444,7,500.0,0,,0.09
Team 7 + Team 1,5,92,2,none,1,0.0,0.0,4444,7,970.0,0,,0.06
Team 7 + Team 1,5,44,2,0,2,0.0,0.0,4444,7,0.0,0,709,0.29
Team 7 + Team 1,5,28,2,300,2,0.0,0.0,4444,7,290.0,0,,0.36
Team 7 + Team 1,5,28,2,150,2,0.0,0.0,4444,7,150.0,0,,0.38
Team 7 + Team 1,5,92,2,500,2,0.0,0.0,4444,7,500.0,0,,0.11
Team 7 + Team 1,5,92,2,1500,2,0.0,0.0,4444,7,1500.0,0,,0.12
Team 7 + Team 2,4,20,2,0,1,4555.613888888889,4553.826388888889,4444,7,0.0,50,313,0.11
Team 7 + Team 1,5,92,2,150,2,0.0,0.0,4444,7,140.0,0,,0.21
Team 7 + Team 1,5,92,2,none,2,0.0,0.0,4444,7,2050.0,0,,0.12
Team 7 + Team 1,5,92,2,300,2,0.0,0.005555555555555556,4444,7,170.0,0,,0.2
Team 7 + Team 2,4,20,2,0,2,35045.80694444444,35044.91319444444,4444,7,0.0,770,313,0.12
Team 7 + Team 2,4,20,2,500,1,0.019444444444444445,0.009722222222222222,4444,7,500.0,0,,0.08
Team 7 + Team 1,5,92,2,0,2,0.0,0.0,4444,7,0.0,0,,0.27
Team 7 + Team 2,4,20,2,150,1,0.06666666666666667,0.06111111111111111,4444,7,130.0,0,,0.14
Team 7 + Team 2,4,20,2,1500,1,0.0,0.0,4444,7,800.0,0,,0.08
Team 7 + Team 1,5,92,2,1000,2,0.0,0.0,4444,7,1000.0,0,,0.2
Team 7 + Team 2,4,20,2,none,1,0.0,0.0,4444,7,800.0,0,,0.07
Team 7 + Team 2,4,20,2,1000,1,0.0,0.0,4444,7,800.0,0,,0.14
Team 7 + Team 2,4,20,2,300,1,0.08333333333333333,0.06527777777777777,4444,7,300.0,0,,0.18
Team 7 + Team 2,4,20,2,1500,2,0.0,0.0,4444,7,1500.0,0,,0.12
Team 7 + Team 2,4,20,2,1000,2,0.0125,0.011111111111111112,4444,7,1000.0,0,,0.14
Team 7 + Team 2,4,28,2,0,1,0.06944444444444445,0.07916666666666666,4444,7,0.0,0,,0.11
Team 7 + Team 2,4,20,2,none,2,0.0,0.0,4444,7,1630.0,0,,0.14
Team 7 + Team 2,4,28,2,150,1,0.0,0.009722222222222222,4444,7,130.0,0,,0.13
Team 7 + Team 2,4,28,2,300,1,0.10833333333333334,0.09583333333333333,4444,7,300.0,0,,0.09
Team 7 + Team 2,4,28,2,0,2,22941.093055555557,23031.1875,4444,7,0.0,506,432,0.15
Team 7 + Team 2,4,28,2,1500,1,0.0,0.0,4444,7,790.0,0,,0.07
Team 7 + Team 2,4,20,2,500,2,0.10833333333333334,0.11736111111111111,4444,7,500.0,0,,0.24
Team 7 + Team 2,4,28,2,500,1,0.0,0.0,4444,7,500.0,0,,0.13
Team 7 + Team 2,4,28,2,none,1,0.0,0.0,4444,7,790.0,0,,0.08
Team 7 + Team 2,4,28,2,500,2,0.1388888888888889,0.14930555555555555,4444,7,500.0,0,,0.14
Team 7 + Team 2,4,28,2,1000,1,0.0,0.0,4444,7,790.0,0,,0.12
Team 7 + Team 2,4,20,2,150,2,0.24166666666666667,0.2138888888888889,4444,7,130.0,0,,0.29
Team 7 + Team 2,4,20,2,300,2,0.04861111111111111,0.09097222222222222,4444,7,280.0,0,,0.28
Team 7 + Team 2,4,28,2,1500,2,0.009722222222222222,0.004861111111111111,4444,7,1500.0,0,,0.15
Team 7 + Team 2,4,44,2,0,1,0.0,0.0,4444,7,0.0,0,,0.12
Team 7 + Team 2,4,44,2,500,1,0.0,0.0,4444,7,500.0,0,,0.08
Team 7 + Team 2,4,44,2,150,1,0.041666666666666664,0.09444444444444444,4444,7,120.0,0,,0.13
Team 7 + Team 2,4,28,2,none,2,0.0,0.0,4444,7,1620.0,0,,0.15
Team 7 + Team 2,4,44,2,1500,1,0.0,0.0,4444,7,790.0,0,,0.08
Team 7 + Team 2,4,28,2,150,2,0.23472222222222222,0.27083333333333337,4444,7,130.0,0,,0.29
Team 7 + Team 2,4,44,2,300,1,0.041666666666666664,0.08472222222222221,4444,7,300.0,0,,0.15
Team 7 + Team 2,4,28,2,1000,2,0.0,0.004861111111111111,4444,7,1000.0,0,,0.23
Team 7 + Team 2,4,44,2,1000,1,0.0,0.0,4444,7,790.0,0,,0.14
Team 7 + Team 2,4,44,2,none,1,0.0,0.0,4444,7,790.0,0,,0.09
Team 7 + Team 2,4,28,2,300,2,0.18611111111111112,0.12569444444444444,4444,7,280.0,0,,0.3
Team 7 + Team 2,4,44,2,1000,2,0.009722222222222222,0.004861111111111111,4444,7,1000.0,0,,0.16
Team 7 + Team 2,4,44,2,500,2,0.12777777777777777,0.12708333333333333,4444,7,500.0,0,,0.18
Team 7 + Team 2,4,44,2,0,2,2.6222222222222222,1.3569444444444445,4444,7,0.0,0,670,0.24
Team 7 + Team 2,4,44,2,1500,2,0.0,0.0,4444,7,1500.0,0,,0.15
Team 7 + Team 2,4,92,2,0,1,0.0,0.009722222222222222,4444,7,0.0,0,,0.13
Team 7 + Team 2,4,92,2,500,1,0.0,0.0,4444,7,490.0,0,,0.09
Team 7 + Team 2,4,92,2,1000,1,0.0,0.0,4444,7,760.0,0,,0.07
Team 7 + Team 2,4,44,2,150,2,0.07083333333333333,0.08680555555555555,4444,7,110.0,0,,0.27
Team 7 + Team 2,4,44,2,none,2,0.0,0.0,4444,7,1610.0,0,,0.18
Team 7 + Team 2,4,92,2,300,1,0.0,0.03194444444444444,4444,7,300.0,0,,0.13
Team 7 + Team 2,4,92,2,1500,1,0.0,0.0,4444,7,760.0,0,,0.08
Team 7 + Team 2,4,92,2,150,1,0.16944444444444445,0.2152777777777778,4444,7,90.0,0,,0.18
Team 7 + Team 2,4,92,2,none,1,0.0,0.0,4444,7,760.0,0,,0.08
Team 7 + Team 2,4,92,2,1000,2,0.0,0.0,4444,7,1000.0,0,,0.15
Team 7 + Team 2,4,92,2,0,2,0.05,0.05625,4444,7,0.0,0,,0.23
Team 7 + Team 2,4,92,2,1500,2,0.0,0.0,4444,7,1500.0,0,,0.13
Team 7 + Team 2,4,92,2,500,2,0.044444444444444446,0.059027777777777776,4444,7,500.0,0,,0.17
Team 7 + Team 2,4,44,2,300,2,0.08055555555555556,0.0798611111111111,4444,7,240.0,0,,0.35
Team 7 + Team 2,4,92,2,none,2,0.0,0.0,4444,7,1570.0,0,,0.14
Team 7 + Team 2,5,28,2,300,1,0.0,0.0,4444,7,300.0,0,,0.13
Team 7 + Team 2,5,28,2,0,1,0.0,0.0,4444,7,0.0,0,,0.16
Team 7 + Team 2,5,28,2,500,1,0.0,0.0,4444,7,500.0,0,,0.14
Team 7 + Team 2,5,28,2,150,1,0.0,0.0,4444,7,130.0,0,,0.16
Team 7 + Team 2,4,92,2,150,2,0.2111111111111111,0.1909722222222222,4444,7,100.0,0,,0.31
Team 7 + Team 2,5,28,2,0,2,22209.606944444444,22255.025694444445,4444,7,0.0,489,459,0.19
Team 7 + Team 2,5,28,2,1000,1,0.0,0.0,4444,7,1000.0,0,,0.12
Team 7 + Team 2,5,28,2,1500,1,0.0,0.0,4444,7,1000.0,0,,0.12
Team 7 + Team 2,4,92,2,300,2,0.09027777777777778,0.11597222222222223,4444,7,170.0,0,,0.33
Team 7 + Team 2,5,28,2,none,1,0.0,0.0,4444,7,1000.0,0,,0.14
Team 7 + Team 2,5,28,2,1500,2,0.0,0.0,4444,7,1500.0,0,,0.21
Team 7 + Team 2,5,44,2,0,1,0.0,0.0,4444,7,0.0,0,,0.15
Team 7 + Team 2,5,44,2,500,1,0.0,0.0,4444,7,500.0,0,,0.11
Team 7 + Team 2,5,28,2,500,2,0.0,0.0,4444,7,500.0,0,,0.28
Team 7 + Team 2,5,28,2,1000,2,0.0,0.0,4444,7,1000.0,0,,0.24
Team 7 + Team 2,5,44,2,300,1,0.0,0.0,4444,7,300.0,0,,0.15
Team 7 + Team 2,5,28,2,none,2,0.0,0.0,4444,7,2050.0,0,,0.24
Team 7 + Team 2,5,44,2,150,1,0.0,0.0,4444,7,120.0,0,,0.19
Team 7 + Team 2,5,44,2,1000,1,0.0,0.0,4444,7,1000.0,0,,0.15
Team 7 + Team 2,5,28,2,150,2,0.0,0.0,4444,7,130.0,0,,0.39
Team 7 + Team 2,5,28,2,300,2,0.0,0.0,4444,7,270.0,0,,0.38
Team 7 + Team 2,5,44,2,500,2,0.0,0.0,4444,7,500.0,0,,0.23
Team 7 + Team 2,5,44,2,none,1,0.0,0.0,4444,7,1000.0,0,,0.13
Team 7 + Team 2,5,44,2,1500,1,0.0,0.0,4444,7,1000.0,0,,0.15
Team 7 + Team 2,5,92,2,0,1,0.0,0.0,4444,7,0.0,0,,0.13
Team 7 + Team 2,5,44,2,0,2,1.2875,0.64375,4444,7,0.0,0,690,0.3
Team 7 + Team 2,5,44,2,150,2,0.0,0.0,4444,7,120.0,0,,0.32
Team 7 + Team 2,5,92,2,300,1,0.0,0.0,4444,7,300.0,0,,0.12
Team 7 + Team 2,5,92,2,150,1,0.03888888888888889,0.030555555555555558,4444,7,100.0,0,,0.15
Team 7 + Team 2,5,44,2,1500,2,0.0,0.0,4444,7,1500.0,0,,0.2
Team 7 + Team 2,5,44,2,300,2,0.0,0.0,4444,7,260.0,0,,0.32
Team 7 + Team 2,5,44,2,1000,2,0.0,0.0,4444,7,1000.0,0,,0.27
Team 7 + Team 2,5,92,2,500,1,0.0,0.0,4444,7,500.0,0,358,0.13
Team 7 + Team 2,5,92,2,1000,1,0.0,0.0,4444,7,960.0,0,,0.12
Team 7 + Team 2,5,92,2,1500,1,0.0,0.0,4444,7,960.0,0,,0.12
Team 7 + Team 2,5,44,2,none,2,0.0,0.0,4444,7,2050.0,0,,0.28
Team 7 + Team 2,5,92,2,none,1,0.0,0.0,4444,7,960.0,0,,0.12
Team 7 + Team 2,5,92,2,0,2,0.0,0.0,4444,7,0.0,0,,0.31
Team 7 + Team 2,5,92,2,500,2,0.0,0.0,4444,7,500.0,0,,0.23
Team 7 + Team 2,5,92,2,1500,2,0.0,0.0,4444,7,1500.0,0,,0.22
Team 7 + Team 2,5,92,2,1000,2,0.0,0.0,4444,7,1000.0,0,,0.25
Team 7 + Team 2,5,92,2,150,2,0.0,0.0,4444,7,100.0,0,,0.39
Team 7 + Team 2,5,92,2,300,2,0.0,0.0,4444,7,170.0,0,,0.37
Team 7 + Team 2,5,92,2,none,2,0.0,0.0,4444,7,2000.0,0,,0.28
Team 7 + Team 3,4,20,2,150,1,0.027777777777777776,0.04027777777777777,4444,7,130.0,0,,1.51
Team 7 + Team 3,4,20,2,500,1,0.0,0.0,4444,7,500.0,0,,1.52
Team 7 + Team 3,4,28,2,0,1,0.48333333333333334,0.49722222222222223,4444,7,0.0,0,,1.32
Team 7 + Team 3,4,20,2,0,1,4739.291666666667,4829.475,4444,7,0.0,53,314,1.61
Team 7 + Team 3,4,20,2,1000,1,0.0,0.0,4444,7,960.0,0,,1.51
Team 7 + Team 3,4,20,2,300,1,0.0,0.05277777777777778,4444,7,300.0,0,,1.68
Team 7 + Team 3,4,20,2,1500,1,0.0,0.0,4444,7,1280.0,0,,1.59
Team 7 + Team 3,4,20,2,none,1,0.0,0.0,4444,7,1300.0,0,,1.63
Team 7 + Team 3,4,20,2,0,2,35320.205555555556,35501.600694444445,4444,7,0.0,780,314,2.56
Team 7 + Team 3,4,28,2,150,1,0.15555555555555556,0.12638888888888888,4444,7,130.0,0,,1.13
Team 7 + Team 3,4,28,2,300,1,0.0,0.022222222222222223,4444,7,300.0,0,,1.07
Team 7 + Team 3,4,28,2,500,1,0.0,0.0,4444,7,500.0,0,,1.05
Team 7 + Team 3,4,28,2,1000,1,0.0,0.0,4444,7,970.0,0,,1.07
Team 7 + Team 3,4,28,2,0,2,23305.588888888888,23169.202083333334,4444,7,0.0,509,425,3.26
Team 7 + Team 3,4,44,2,0,1,0.027777777777777776,0.025,4444,7,0.0,0,,0.77
Team 7 + Team 3,4,28,2,1500,1,0.0,0.0,4444,7,1240.0,0,,1.07
Team 7 + Team 3,4,28,2,none,1,0.0,0.0,4444,7,1260.0,0,,1.08
Team 7 + Team 3,4,20,2,300,2,0.03333333333333333,0.034722222222222224,4444,7,280.0,0,,4.04
Team 7 + Team 3,4,20,2,150,2,0.2972222222222222,0.37777777777777777,4444,7,130.0,0,,4.19
Team 7 + Team 3,4,20,2,1500,2,0.0,0.0,4444,7,1500.0,0,,4.05
Team 7 + Team 3,4,20,2,500,2,0.10972222222222222,0.08958333333333333,4444,7,500.0,0,,4.13
Team 7 + Team 3,4,20,2,1000,2,0.0,0.0,4444,7,990.0,0,,4.17
Team 7 + Team 3,4,44,2,150,1,0.05555555555555555,0.05416666666666667,4444,7,120.0,0,,0.75
Team 7 + Team 3,4,20,2,none,2,0.0,0.0,4444,7,2690.0,0,,4.12
Team 7 + Team 3,4,44,2,300,1,0.06111111111111111,0.05694444444444444,4444,7,300.0,0,,0.73
Team 7 + Team 3,4,44,2,500,1,0.019444444444444445,0.009722222222222222,4444,7,500.0,0,,0.71
Team 7 + Team 3,4,44,2,1000,1,0.0,0.0,4444,7,960.0,0,,0.73
Team 7 + Team 3,4,44,2,1500,1,0.0,0.0,4444,7,1240.0,0,,0.73
Team 7 + Team 3,4,28,2,300,2,0.1986111111111111,0.1611111111111111,4444,7,280.0,0,,3.51
Team 7 + Team 3,4,28,2,150,2,0.6666666666666666,0.7055555555555555,4444,7,130.0,0,,3.58
Team 7 + Team 3,4,44,2,none,1,0.0,0.0,4444,7,1210.0,0,,0.74
Team 7 + Team 3,4,28,2,500,2,0.1125,0.19375,4444,7,500.0,0,,3.51
Team 7 + Team 3,4,28,2,1000,2,0.0,0.004861111111111111,4444,7,1000.0,0,,3.52
Team 7 + Team 3,4,92,2,0,1,0.0,0.0,4444,7,0.0,0,,0.47
Team 7 + Team 3,4,92,2,150,1,0.18055555555555555,0.18055555555555555,4444,7,90.0,0,,0.42
Team 7 + Team 3,4,92,2,300,1,0.019444444444444445,0.029166666666666667,4444,7,290.0,0,,0.42
Team 7 + Team 3,4,92,2,500,1,0.0,0.0,4444,7,500.0,0,,0.43
Team 7 + Team 3,4,92,2,1000,1,0.0,0.0,4444,7,940.0,0,,0.4
Team 7 + Team 3,4,28,2,none,2,0.0,0.0,4444,7,2600.0,0,,3.47
Team 7 + Team 3,4,28,2,1500,2,0.0,0.0,4444,7,1500.0,0,,3.51
Team 7 + Team 3,4,92,2,1500,1,0.0,0.0,4444,7,1130.0,0,,0.41
Team 7 + Team 3,4,44,2,0,2,276.72083333333336,184.84930555555556,4444,7,0.0,4,685,2.79
Team 7 + Team 3,4,44,2,150,2,0.4083333333333333,0.3590277777777778,4444,7,120.0,0,,2.73
Team 7 + Team 3,4,92,2,none,1,0.0,0.0,4444,7,1140.0,0,,0.4
Team 7 + Team 3,4,92,2,150,2,0.2125,0.15347222222222223,4444,7,100.0,0,,1.45
Team 7 + Team 3,4,92,2,0,2,0.11388888888888889,0.1111111111111111,4444,7,0.0,0,,1.57
Team 7 + Team 3,4,92,2,300,2,0.0875,0.07708333333333334,4444,7,190.0,0,,1.49
Team 7 + Team 3,4,44,2,300,2,0.058333333333333334,0.04861111111111111,4444,7,260.0,0,,2.71
Team 7 + Team 3,4,92,2,500,2,0.24444444444444444,0.18055555555555555,4444,7,500.0,0,,1.42
Team 7 + Team 3,4,44,2,500,2,0.23194444444444445,0.19861111111111113,4444,7,500.0,0,,2.67
Team 7 + Team 3,4,44,2,1000,2,0.0,0.0,4444,7,1000.0,0,,2.63
Team 7 + Team 3,4,44,2,1500,2,0.0,0.0,4444,7,1490.0,0,,2.7
Team 7 + Team 3,4,92,2,1000,2,0.0,0.004861111111111111,4444,7,1000.0,0,,1.44
Team 7 + Team 3,4,92,2,1500,2,0.0,0.0,4444,7,1500.0,0,,1.38
Team 7 + Team 3,5,28,2,0,1,0.0,0.0,4444,7,0.0,0,,1.2
Team 7 + Team 3,5,28,2,150,1,0.0,0.0,4444,7,130.0,0,,1.15
Team 7 + Team 3,4,44,2,none,2,0.0,0.0,4444,7,2570.0,0,,2.64
Team 7 + Team 3,4,92,2,none,2,0.0,0.0,4444,7,2500.0,0,,1.41
Team 7 + Team 3,5,28,2,300,1,0.0,0.0,4444,7,300.0,0,,1.1
Team 7 + Team 3,5,28,2,500,1,0.0,0.0,4444,7,500.0,0,,1.15
Team 7 + Team 3,5,28,2,1000,1,0.0,0.0,4444,7,1000.0,0,,1.13
Team 7 + Team 3,5,28,2,1500,1,0.0,0.0,4444,7,1350.0,0,,1.13
Team 7 + Team 3,5,44,2,0,1,0.0,0.0,4444,7,0.0,0,,0.82
Team 7 + Team 3,5,28,2,none,1,0.0,0.0,4444,7,1480.0,0,,1.12
Team 7 + Team 3,5,44,2,150,1,0.0,0.0,4444,7,120.0,0,,0.77
Team 7 + Team 3,5,44,2,300,1,0.0,0.0,4444,7,300.0,0,,0.76
Team 7 + Team 3,5,44,2,500,1,0.0,0.0,4444,7,500.0,0,,0.75
Team 7 + Team 3,5,44,2,1000,1,0.0,0.0,4444,7,1000.0,0,,0.79
Team 7 + Team 3,5,44,2,1500,1,0.0,0.0,4444,7,1320.0,0,,0.74
Team 7 + Team 3,5,44,2,none,1,0.0,0.0,4444,7,1460.0,0,,0.76
Team 7 + Team 3,5,92,2,0,1,0.0,0.0,4444,7,0.0,0,,0.5
Team 7 + Team 3,5,28,2,0,2,21937.031944444443,21937.084722222222,4444,7,0.0,482,460,3.28
Team 7 + Team 3,5,92,2,150,1,0.0,0.0,4444,7,110.0,0,,0.46
Team 7 + Team 3,5,28,2,150,2,0.011111111111111112,0.005555555555555556,4444,7,130.0,0,,3.71
Team 7 + Team 3,5,44,2,0,2,0.18194444444444444,0.09097222222222222,4444,7,0.0,0,710,2.86
Team 7 + Team 3,5,44,2,150,2,0.0,0.0,4444,7,120.0,0,,2.81
Team 7 + Team 3,5,92,2,300,1,0.0,0.0,4444,7,300.0,0,,0.41
Team 7 + Team 3,5,28,2,300,2,0.0,0.0,4444,7,270.0,0,,3.79
Team 7 + Team 3,5,28,2,500,2,0.0,0.0,4444,7,500.0,0,,3.64
Team 7 + Team 3,5,28,2,1000,2,0.0,0.0,4444,7,1000.0,0,,3.73
Team 7 + Team 3,5,28,2,1500,2,0.0,0.0,4444,7,1500.0,0,,3.64
Team 7 + Team 3,5,44,2,300,2,0.0,0.0,4444,7,260.0,0,,2.88
Team 7 + Team 3,5,92,2,500,1,0.0,0.0,4444,7,500.0,0,,0.41
Team 7 + Team 3,5,44,2,500,2,0.011111111111111112,0.005555555555555556,4444,7,500.0,0,,2.76
Team 7 + Team 3,5,92,2,1000,1,0.0,0.0,4444,7,1000.0,0,,0.42
Team 7 + Team 3,5,92,2,1500,1,0.0,0.0,4444,7,1280.0,0,,0.43
Team 7 + Team 4,4,20,2,0,1,2917.9333333333334,2824.8583333333336,4444,7,0.0,31,313,0.1
Team 7 + Team 4,4,20,2,0,2,34136.05694444444,34134.97430555556,4444,7,0.0,750,313,0.1
Team 7 + Team 3,5,28,2,none,2,0.0,0.0,4444,7,3050.0,0,,3.6
Team 7 + Team 3,5,44,2,1000,2,0.0,0.0,4444,7,1000.0,0,,2.79
Team 7 + Team 3,5,92,2,0,2,0.0,0.0,4444,7,0.0,0,,1.58
Team 7 + Team 4,4,20,2,1000,1,0.0,0.0,4444,7,820.0,0,,0.06
Team 7 + Team 3,5,92,2,150,2,0.0,0.0,4444,7,90.0,0,,1.52
Team 7 + Team 3,5,92,2,none,1,0.0,0.0,4444,7,1360.0,0,,0.42
Team 7 + Team 4,4,20,2,1500,1,0.0,0.0,4444,7,820.0,0,,0.06
Team 7 + Team 3,5,44,2,1500,2,0.0,0.0,4444,7,1500.0,0,717,2.74
Team 7 + Team 4,4,20,2,none,1,0.0,0.0,4444,7,960.0,0,,0.05
Team 7 + Team 4,4,20,2,none,2,0.0,0.0,4444,7,1950.0,0,,0.12
Team 7 + Team 4,4,28,2,0,1,0.3611111111111111,0.46111111111111114,4444,7,0.0,0,,0.1
Team 7 + Team 4,4,28,2,0,2,23032.536111111112,23031.47152777778,4444,7,0.0,506,423,0.13
Team 7 + Team 4,4,20,2,1500,2,0.0,0.0,4444,7,1500.0,0,,0.33
Team 7 + Team 3,5,92,2,300,2,0.0,0.0,4444,7,180.0,0,,1.54
Team 7 + Team 3,5,44,2,none,2,0.0,0.0,4444,7,3020.0,0,,2.8
Team 7 + Team 3,5,92,2,500,2,0.011111111111111112,0.005555555555555556,4444,7,500.0,0,,1.46
Team 7 + Team 3,5,92,2,1000,2,0.0,0.0,4444,7,1000.0,0,,1.49
Team 7 + Team 4,4,28,2,1000,1,0.0,0.0,4444,7,810.0,0,,0.06
Team 7 + Team 3,5,92,2,1500,2,0.0,0.0,4444,7,1500.0,0,,1.48
Team 7 + Team 4,4,28,2,1500,1,0.0,0.0,4444,7,840.0,0,,0.06
Team 7 + Team 4,4,20,2,500,1,0.0,0.0,4444,7,500.0,0,,1.23
Team 7 + Team 3,5,92,2,none,2,0.0,0.0,4444,7,2920.0,0,,1.47
Team 7 + Team 4,4,28,2,none,1,0.0,0.0,4444,7,960.0,0,,0.06
Team 7 + Team 4,4,44,2,0,1,0.07777777777777778,0.07777777777777778,4444,7,0.0,0,,0.09
Team 7 + Team 4,4,28,2,none,2,0.0,0.0,4444,7,1920.0,0,,0.12
Team 7 + Team 4,4,28,2,1500,2,0.0,0.0,4444,7,1500.0,0,,0.34
Team 7 + Team 4,4,44,2,0,2,3.9763888888888888,2.36875,4444,7,0.0,0,666,0.2
Team 7 + Team 4,4,20,2,1000,2,0.0,0.0,4444,7,1000.0,0,,2.3
Team 7 + Team 4,4,20,2,300,1,0.08611111111111111,0.075,4444,7,300.0,0,,2.69
Team 7 + Team 4,4,28,2,500,1,0.0,0.0,4444,7,500.0,0,,1.89
Team 7 + Team 4,4,20,2,150,1,0.17222222222222222,0.10972222222222222,4444,7,130.0,0,,2.92
Team 7 + Team 4,4,44,2,1000,1,0.0,0.0,4444,7,790.0,0,,0.06
Team 7 + Team 4,4,28,2,300,1,0.1527777777777778,0.11111111111111112,4444,7,300.0,0,,2.97
Team 7 + Team 4,4,44,2,1500,1,0.0,0.0,4444,7,850.0,0,,0.07
Team 7 + Team 4,4,28,2,1000,2,0.0,0.0,4444,7,1000.0,0,,2.52
Team 7 + Team 4,4,44,2,none,1,0.0,0.0,4444,7,940.0,0,,0.07
Team 7 + Team 4,4,44,2,none,2,0.0,0.0,4444,7,1940.0,0,,0.13
Team 7 + Team 4,4,92,2,0,1,0.0,0.0,4444,7,0.0,0,,0.09
Team 7 + Team 4,4,28,2,150,1,0.08333333333333333,0.06388888888888888,4444,7,130.0,0,,3.53
Team 7 + Team 4,4,92,2,0,2,0.0,0.005555555555555556,4444,7,0.0,0,,0.18
Team 7 + Team 4,4,44,2,1500,2,0.0,0.0,4444,7,1500.0,0,,0.54
Team 7 + Team 4,4,44,2,500,1,0.019444444444444445,0.009722222222222222,4444,7,500.0,0,,1.84
Team 7 + Team 4,4,44,2,300,1,0.0,0.02361111111111111,4444,7,300.0,0,,3.11
Team 7 + Team 4,4,44,2,150,1,0.075,0.05972222222222222,4444,7,120.0,0,,3.84
Team 7 + Team 4,4,20,2,500,2,0.08055555555555556,0.051388888888888894,4444,7,500.0,0,,5.45
Team 7 + Team 4,4,92,2,1000,1,0.0,0.0,4444,7,760.0,0,,0.1
Team 7 + Team 4,4,28,2,500,2,0.10138888888888889,0.14722222222222223,4444,7,500.0,0,,6.04
Team 7 + Team 4,4,44,2,1000,2,0.0,0.0,4444,7,1000.0,0,,4.11
Team 7 + Team 4,4,92,2,1500,1,0.0,0.0,4444,7,820.0,0,,0.1
Team 7 + Team 4,4,92,2,none,1,0.0,0.0,4444,7,920.0,0,,0.09
Team 7 + Team 4,4,20,2,150,2,0.6388888888888888,0.7284722222222222,4444,7,140.0,0,,7.34
Team 7 + Team 4,4,92,2,500,1,0.0,0.0,4444,7,500.0,0,,2.6
Team 7 + Team 4,4,20,2,300,2,0.03333333333333333,0.04652777777777778,4444,7,280.0,0,,7.35
Team 7 + Team 4,4,92,2,none,2,0.0,0.0,4444,7,1880.0,0,,0.2
Team 7 + Team 4,5,28,2,0,1,0.0,0.0,4444,7,0.0,0,,0.12
Team 7 + Team 4,5,28,2,0,2,22118.491666666665,22254.979166666664,4444,7,0.0,489,462,0.16
Team 7 + Team 4,4,92,2,300,1,0.022222222222222223,0.011111111111111112,4444,7,300.0,0,,3.58
Team 7 + Team 4,4,92,2,150,1,0.2777777777777778,0.19305555555555556,4444,7,90.0,0,,3.98
Team 7 + Team 4,4,28,2,150,2,0.6041666666666666,0.5201388888888889,4444,7,140.0,0,,7.63
Team 7 + Team 4,5,28,2,1000,1,0.0,0.0,4444,7,1000.0,0,,0.05
Team 7 + Team 4,4,92,2,1500,2,0.0,0.0,4444,7,1490.0,0,,1.25
Team 7 + Team 4,5,28,2,1500,1,0.0,0.0,4444,7,1010.0,0,,0.07
Team 7 + Team 4,5,28,2,1500,2,0.0,0.0,4444,7,1500.0,0,,0.34
Team 7 + Team 4,5,28,2,none,1,0.0,0.0,4444,7,1080.0,0,,0.07
Team 7 + Team 4,5,28,2,500,1,0.0,0.0,4444,7,500.0,0,,1.13
Team 7 + Team 4,5,28,2,none,2,0.0,0.0,4444,7,2170.0,0,,0.14
Team 7 + Team 4,4,44,2,500,2,0.1625,0.1513888888888889,4444,7,500.0,0,,6.14
Team 7 + Team 4,4,28,2,300,2,0.0763888888888889,0.09722222222222222,4444,7,270.0,0,,8.07
Team 7 + Team 4,5,44,2,0,1,0.0,0.0,4444,7,0.0,0,,0.12
Team 7 + Team 4,5,44,2,0,2,0.26666666666666666,0.13333333333333333,4444,7,0.0,0,714,0.22
Team 7 + Team 4,4,44,2,150,2,0.25,0.22777777777777777,4444,7,110.0,0,,8.26
Team 7 + Team 4,5,28,2,1000,2,0.0,0.0,4444,7,1000.0,0,,1.63
Team 7 + Team 4,5,28,2,300,1,0.0,0.0,4444,7,300.0,0,,2.48
Team 7 + Team 4,5,44,2,1000,1,0.0,0.0,4444,7,1000.0,0,,0.05
Team 7 + Team 4,4,92,2,1000,2,0.0,0.004861111111111111,4444,7,1000.0,0,,4.99
Team 7 + Team 4,5,44,2,1500,1,0.0,0.0,4444,7,1040.0,0,,0.08
Team 7 + Team 4,4,44,2,300,2,0.022222222222222223,0.11180555555555556,4444,7,260.0,0,,8.37
Team 7 + Team 4,5,44,2,none,1,0.0,0.0,4444,7,1080.0,0,,0.09
Team 7 + Team 4,5,44,2,none,2,0.0,0.0,4444,7,2170.0,0,,0.17
Team 7 + Team 4,5,44,2,1500,2,0.0,0.0,4444,7,1500.0,0,,0.46
Team 7 + Team 4,5,92,2,0,1,0.0,0.0,4444,7,0.0,0,,0.11
Team 7 + Team 4,5,44,2,500,1,0.0,0.0,4444,7,500.0,0,,1.54
Team 7 + Team 4,5,92,2,0,2,0.0,0.0,4444,7,0.0,0,,0.23
Team 7 + Team 4,5,28,2,150,1,0.0,0.009722222222222222,4444,7,130.0,0,,4.36
Team 7 + Team 4,5,44,2,300,1,0.0,0.0,4444,7,300.0,0,,2.83
Team 7 + Team 4,5,44,2,1000,2,0.0,0.0,4444,7,1000.0,0,,1.87
Team 7 + Team 4,4,92,2,500,2,0.15555555555555556,0.15416666666666667,4444,7,500.0,0,,6.86
Team 7 + Team 4,5,92,2,1000,1,0.0,0.0,4444,7,970.0,0,,0.07
Team 7 + Team 4,4,92,2,150,2,0.0,0.03680555555555556,4444,7,100.0,0,,8.35
Team 7 + Team 4,5,92,2,1500,1,0.0,0.0,4444,7,990.0,0,,0.12
Team 7 + Team 4,4,92,2,300,2,0.0,0.005555555555555556,4444,7,230.0,0,,8.14
Team 7 + Team 4,5,92,2,none,1,0.0,0.0,4444,7,1070.0,0,,0.12
Team 7 + Team 4,5,92,2,none,2,0.0,0.0,4444,7,2170.0,0,,0.25
Team 7 + Team 4,5,92,2,1500,2,0.0,0.0,4444,7,1500.0,0,,0.76
Team 7 + Team 4,5,44,2,150,1,0.0,0.0,4444,7,120.0,0,,4.94
Team 7 + Team 6,4,20,2,0,1,3459.8777777777777,3459.4611111111108,4444,7,0.0,38,330,0.94
Team 7 + Team 4,5,92,2,500,1,0.0,0.0,4444,7,500.0,0,,2.33
Team 7 + Team 4,5,28,2,500,2,0.0,0.0,4444,7,500.0,0,,6.37
Team 7 + Team 6,4,20,2,0,2,34318.89027777778,34317.75138888889,4444,7,0.0,754,299,1.54
Team 7 + Team 4,5,92,2,1000,2,0.0,0.0,4444,7,1000.0,0,,2.71
Team 7 + Team 6,4,20,2,150,1,0.19166666666666668,0.175,4444,7,130.0,0,,1.04
Team 7 + Team 4,5,92,2,300,1,0.0,0.0,4444,7,300.0,0,,3.53
Team 7 + Team 6,4,20,2,300,1,0.027777777777777776,0.05555555555555555,4444,7,300.0,0,,0.98
Team 7 + Team 4,5,92,2,150,1,0.0,0.0,4444,7,110.0,0,,4.48
Team 7 + Team 6,4,20,2,500,1,0.0,0.0,4444,7,500.0,0,359,1.02
Team 7 + Team 6,4,20,2,1000,1,0.0,0.0,4444,7,750.0,0,,0.99
Team 7 + Team 6,4,20,2,1500,1,0.0,0.0,4444,7,750.0,0,,0.97
Team 7 + Team 4,5,44,2,500,2,0.0,0.0,4444,7,500.0,0,,6.47
Team 7 + Team 6,4,20,2,150,2,0.019444444444444445,0.09305555555555556,4444,7,130.0,0,,2.79
Team 7 + Team 6,4,28,2,0,1,0.16666666666666666,0.17222222222222222,4444,7,0.0,0,,0.74
Team 7 + Team 6,4,20,2,none,1,0.0,0.0,4444,7,760.0,0,,1.04
Team 7 + Team 6,4,20,2,300,2,0.1486111111111111,0.11180555555555555,4444,7,280.0,0,,2.85
Team 7 + Team 4,5,28,2,300,2,0.0,0.0,4444,7,270.0,0,,10.05
Team 7 + Team 4,5,28,2,150,2,0.0,0.0,4444,7,130.0,0,,10.19
Team 7 + Team 6,4,28,2,150,1,0.13055555555555556,0.1486111111111111,4444,7,130.0,0,,0.85
Team 7 + Team 6,4,20,2,500,2,0.1388888888888889,0.1388888888888889,4444,7,500.0,0,,2.74
Team 7 + Team 6,4,20,2,1000,2,0.0,0.0,4444,7,1000.0,0,,2.72
Team 7 + Team 6,4,28,2,300,1,0.03888888888888889,0.04166666666666667,4444,7,300.0,0,,0.81
Team 7 + Team 4,5,92,2,500,2,0.011111111111111112,0.005555555555555556,4444,7,500.0,0,,6.36
Team 7 + Team 6,4,28,2,0,2,22032.347222222223,21985.612500000003,4444,7,0.0,483,410,1.95
Team 7 + Team 6,4,20,2,1500,2,0.0,0.0,4444,7,1500.0,0,,2.64
Team 7 + Team 6,4,28,2,500,1,0.0,0.0,4444,7,500.0,0,,0.84
Team 7 + Team 6,4,28,2,1000,1,0.0,0.0,4444,7,740.0,0,,0.79
Team 7 + Team 6,4,28,2,1500,1,0.0,0.0,4444,7,740.0,0,,0.79
Team 7 + Team 6,4,20,2,none,2,0.0,0.0,4444,7,1550.0,0,,2.85
Team 7 + Team 6,4,44,2,0,1,0.2833333333333333,0.18055555555555555,4444,7,0.0,0,,0.55
Team 7 + Team 4,5,44,2,300,2,0.0,0.0,4444,7,270.0,0,,9.83
Team 7 + Team 6,4,28,2,none,1,0.0,0.0,4444,7,770.0,0,,0.76
Team 7 + Team 6,4,44,2,150,1,0.07222222222222222,0.08611111111111111,4444,7,110.0,0,,0.61
Team 7 + Team 6,4,44,2,300,1,0.09722222222222222,0.11666666666666667,4444,7,300.0,0,,0.61
Team 7 + Team 6,4,28,2,150,2,1.1805555555555556,1.2604166666666665,4444,7,130.0,0,,2.55
Team 7 + Team 4,5,44,2,150,2,0.0,0.0,4444,7,120.0,0,,10.54
Team 7 + Team 6,4,44,2,500,1,0.0,0.0,4444,7,500.0,0,360,0.6
Team 7 + Team 6,4,44,2,1000,1,0.0,0.0,4444,7,730.0,0,,0.67
Team 7 + Team 6,4,28,2,300,2,0.4888888888888889,0.40694444444444444,4444,7,270.0,0,,2.63
Team 7 + Team 6,4,44,2,1500,1,0.0,0.0,4444,7,730.0,0,,0.58
Team 7 + Team 6,4,28,2,500,2,0.11388888888888889,0.1326388888888889,4444,7,500.0,0,,2.51
Team 7 + Team 6,4,44,2,none,1,0.0,0.0,4444,7,730.0,0,,0.56
Team 7 + Team 6,4,28,2,1000,2,0.0,0.004861111111111111,4444,7,1000.0,0,,2.5
Team 7 + Team 6,4,92,2,0,1,0.0,0.0,4444,7,0.0,0,,0.36
Team 7 + Team 6,4,28,2,1500,2,0.0,0.0,4444,7,1500.0,0,,2.54
Team 7 + Team 6,4,44,2,0,2,4.85,3.3125,4444,7,0.0,0,618,2.06
Team 7 + Team 6,4,92,2,150,1,0.20833333333333334,0.225,4444,7,90.0,0,,0.41
Team 7 + Team 6,4,44,2,150,2,0.9083333333333333,0.9979166666666666,4444,7,120.0,0,,2.07
Team 7 + Team 6,4,92,2,300,1,0.06111111111111111,0.0625,4444,7,300.0,0,,0.38
Team 7 + Team 6,4,92,2,500,1,0.0,0.0,4444,7,500.0,0,,0.41
Team 7 + Team 6,4,28,2,none,2,0.0,0.0,4444,7,1540.0,0,,2.44
Team 7 + Team 6,4,92,2,1000,1,0.0,0.0,4444,7,710.0,0,,0.38
Team 7 + Team 6,4,92,2,1500,1,0.0,0.0,4444,7,710.0,0,,0.38
Team 7 + Team 6,4,44,2,300,2,0.2611111111111111,0.23125,4444,7,260.0,0,,2.03
Team 7 + Team 6,4,44,2,500,2,0.2361111111111111,0.23333333333333334,4444,7,500.0,0,,1.98
Team 7 + Team 4,5,92,2,300,2,0.0,0.0,4444,7,200.0,0,,9.25
Team 7 + Team 6,4,92,2,0,2,0.1486111111111111,0.1923611111111111,4444,7,0.0,0,,1.06
Team 7 + Team 6,4,92,2,none,1,0.0,0.0,4444,7,720.0,0,,0.37
Team 7 + Team 6,4,92,2,150,2,0.42777777777777776,0.34097222222222223,4444,7,90.0,0,,1.19
Team 7 + Team 6,4,44,2,1000,2,0.011111111111111112,0.010416666666666668,4444,7,1000.0,0,,2.0
Team 7 + Team 6,4,92,2,300,2,0.17222222222222222,0.2597222222222222,4444,7,150.0,0,,1.22
Team 7 + Team 6,4,44,2,1500,2,0.0,0.0,4444,7,1500.0,0,,2.11
Team 7 + Team 6,4,92,2,1000,2,0.009722222222222222,0.010416666666666668,4444,7,1000.0,0,,1.13
Team 7 + Team 6,4,92,2,500,2,0.13055555555555556,0.11944444444444445,4444,7,500.0,0,,1.23
Team 7 + Team 6,5,28,2,0,1,0.0,0.0,4444,7,0.0,0,,0.85
Team 7 + Team 6,4,44,2,none,2,0.0,0.0,4444,7,1520.0,0,,2.08
Team 7 + Team 6,4,92,2,1500,2,0.0,0.0,4444,7,1500.0,0,,1.16
Team 7 + Team 4,5,92,2,150,2,0.04027777777777778,0.02013888888888889,4444,7,110.0,0,,10.57
Team 7 + Team 6,4,92,2,none,2,0.0,0.0,4444,7,1510.0,0,,1.13
Team 7 + Team 6,5,28,2,150,1,0.0,0.0,4444,7,130.0,0,,1.19
Team 7 + Team 6,5,28,2,300,1,0.0,0.0,4444,7,300.0,0,,1.13
Team 7 + Team 6,5,44,2,0,1,0.0,0.0,4444,7,0.0,0,,0.63
Team 7 + Team 6,5,28,2,500,1,0.0,0.0,4444,7,500.0,0,,1.16
Team 7 + Team 6,5,28,2,1000,1,0.0,0.0,4444,7,920.0,0,,1.19
Team 7 + Team 6,5,28,2,1500,1,0.0,0.0,4444,7,920.0,0,,1.13
Team 7 + Team 6,5,28,2,none,1,0.0,0.0,4444,7,920.0,0,,1.18
Team 7 + Team 6,5,44,2,150,1,0.0,0.0,4444,7,120.0,0,,0.97
Team 7 + Team 6,5,28,2,0,2,21572.631944444445,21481.470833333333,4444,7,0.0,472,464,2.09
Team 7 + Team 6,5,44,2,300,1,0.0,0.0,4444,7,300.0,0,,0.92
Team 7 + Team 6,5,44,2,500,1,0.0,0.0,4444,7,500.0,0,,0.91
Team 7 + Team 6,5,44,2,1000,1,0.0,0.0,4444,7,910.0,0,,0.93
Team 7 + Team 6,5,44,2,1500,1,0.0,0.0,4444,7,910.0,0,,0.91
Team 7 + Team 6,5,44,2,none,1,0.0,0.0,4444,7,900.0,0,,0.9
Team 7 + Team 6,5,44,2,0,2,1.8277777777777777,0.9222222222222222,4444,7,0.0,0,679,2.11
Team 7 + Team 6,5,92,2,0,1,0.0,0.0,4444,7,0.0,0,,0.42
Team 7 + Team 6,5,28,2,150,2,0.025,0.0125,4444,7,130.0,0,,3.3
Team 7 + Team 6,5,28,2,300,2,0.0,0.0,4444,7,270.0,0,,3.28
Team 7 + Team 6,5,28,2,500,2,0.0,0.0,4444,7,500.0,0,,3.34
Team 7 + Team 6,5,92,2,150,1,0.0,0.0,4444,7,110.0,0,,0.78
Team 7 + Team 6,5,92,2,300,1,0.0,0.0,4444,7,300.0,0,,0.72
Team 7 + Team 6,5,44,2,150,2,0.0,0.0,4444,7,120.0,0,,2.75
Team 7 + Team 6,5,28,2,1000,2,0.0,0.0,4444,7,1000.0,0,,3.46
Team 7 + Team 6,5,92,2,0,2,0.0,0.0,4444,7,0.0,0,,1.23
Team 7 + Team 6,5,28,2,1500,2,0.0,0.0,4444,7,1500.0,0,,3.42
Team 7 + Team 6,5,92,2,500,1,0.0,0.0,4444,7,500.0,0,,0.74
Team 7 + Team 6,5,28,2,none,2,0.0,0.0,4444,7,1880.0,0,,3.37
Team 7 + Team 8,4,20,2,0,1,4194.002777777778,5192.348611111111,4444,7,0.0,57,311,0.1
Team 7 + Team 8,4,20,2,0,2,34865.001388888886,35364.174305555556,4444,7,0.0,777,311,0.12
Team 7 + Team 6,5,44,2,300,2,0.011111111111111112,0.005555555555555556,4444,7,250.0,0,,2.82
Team 7 + Team 6,5,44,2,500,2,0.0,0.010416666666666666,4444,7,500.0,0,,2.74
Team 7 + Team 6,5,92,2,1000,1,0.0,0.0,4444,7,870.0,0,,0.74
Team 7 + Team 6,5,44,2,1000,2,0.0,0.0,4444,7,1000.0,0,,2.65
Team 7 + Team 6,5,92,2,1500,1,0.0,0.0,4444,7,870.0,0,,0.72
Team 7 + Team 6,5,44,2,1500,2,0.0,0.0,4444,7,1500.0,0,,2.63
Team 7 + Team 6,5,92,2,none,1,0.0,0.0,4444,7,880.0,0,,0.69
Team 7 + Team 6,5,44,2,none,2,0.0,0.0,4444,7,1840.0,0,,2.6
Team 7 + Team 6,5,92,2,150,2,0.0,0.0,4444,7,100.0,0,,2.0
Team 7 + Team 6,5,92,2,300,2,0.0,0.0,4444,7,190.0,0,,1.91
Team 7 + Team 8,4,20,2,150,1,0.10555555555555556,0.14027777777777778,4444,7,150.0,0,,1.07
Team 7 + Team 8,4,28,2,0,1,0.48333333333333334,0.49722222222222223,4444,7,0.0,0,,0.11
Team 7 + Team 8,4,28,2,0,2,22941.4875,22758.211805555555,4444,7,0.0,500,413,0.14
Team 7 + Team 8,4,20,2,300,1,0.15,0.12916666666666665,4444,7,300.0,0,,1.27
Team 7 + Team 6,5,92,2,500,2,0.0,0.0,4444,7,500.0,0,,1.98
Team 7 + Team 8,4,20,2,500,1,0.0,0.0,4444,7,500.0,0,,1.21
Team 7 + Team 6,5,92,2,1000,2,0.0,0.0,4444,7,1000.0,0,,1.96
Team 7 + Team 8,4,20,2,1000,1,0.0,0.0,4444,7,1000.0,0,,1.25
Team 7 + Team 6,5,92,2,1500,2,0.0,0.0,4444,7,1500.0,0,,1.97
Team 7 + Team 8,4,20,2,1500,1,0.0,0.0,4444,7,1310.0,0,,1.35
Team 7 + Team 6,5,92,2,none,2,0.0,0.0,4444,7,1800.0,0,,2.16
Team 7 + Team 8,4,28,2,150,1,0.07222222222222222,0.06111111111111111,4444,7,150.0,0,,0.87
Team 7 + Team 8,4,28,2,300,1,0.08333333333333333,0.041666666666666664,4444,7,300.0,0,,0.88
Team 7 + Team 8,4,28,2,500,1,0.0,0.0,4444,7,500.0,0,,0.97
Team 7 + Team 8,4,20,2,none,1,0.0,0.0,4444,7,1600.0,0,,1.76
Team 7 + Team 8,4,20,2,1500,2,0.0,0.0,4444,7,1500.0,0,,1.89
Team 7 + Team 8,4,28,2,1000,1,0.0,0.0,4444,7,1000.0,0,,0.98
Team 7 + Team 8,4,44,2,0,2,3.3680555555555554,1.9881944444444444,4444,7,0.0,0,668,0.21
Team 7 + Team 8,4,44,2,0,1,0.027777777777777776,0.025,4444,7,0.0,0,,0.28
Team 7 + Team 8,4,28,2,none,1,0.0,0.0,4444,7,1620.0,0,,0.97
Team 7 + Team 8,4,44,2,150,1,0.09444444444444444,0.06666666666666667,4444,7,150.0,0,,0.61
Team 7 + Team 8,4,28,2,1500,1,0.0,0.0,4444,7,1280.0,0,,1.45
Team 7 + Team 8,4,20,2,300,2,0.04583333333333333,0.03888888888888889,4444,7,300.0,0,,3.46
Team 7 + Team 8,4,44,2,300,1,0.019444444444444445,0.020833333333333336,4444,7,300.0,0,,0.78
Team 7 + Team 8,4,28,2,1500,2,0.0,0.0,4444,7,1500.0,0,,1.6
Team 7 + Team 8,4,44,2,500,1,0.0,0.0,4444,7,500.0,0,,0.62
Team 7 + Team 8,4,20,2,1000,2,0.0,0.0,4444,7,1000.0,0,,3.61
Team 7 + Team 8,4,44,2,1000,1,0.0,0.0,4444,7,1000.0,0,,0.66
Team 7 + Team 8,4,20,2,150,2,0.2263888888888889,0.15902777777777777,4444,7,150.0,0,,4.2
Team 7 + Team 8,4,92,2,0,1,0.0,0.0,4444,7,0.0,0,,0.1
Team 7 + Team 8,4,44,2,1500,1,0.0,0.0,4444,7,1260.0,0,,0.7
Team 7 + Team 8,4,28,2,150,2,0.4486111111111111,0.45486111111111116,4444,7,150.0,0,676,3.18
Team 7 + Team 8,4,20,2,500,2,0.12361111111111112,0.11736111111111111,4444,7,500.0,0,,4.15
Team 7 + Team 8,4,92,2,0,2,0.11388888888888889,0.1111111111111111,4444,7,0.0,0,,0.21
Team 7 + Team 8,4,20,2,none,2,0.0,0.0,4444,7,3200.0,0,,3.65
Team 7 + Team 8,4,28,2,300,2,0.13055555555555556,0.1340277777777778,4444,7,300.0,0,,3.16
